title,company,location,posted,url,source,description,skills
Data Scientist,Acme Corp,Mumbai,2025-08-11,https://example.com/job/1000,Sample,"Strong Excel skills, Power BI or Tableau preferred; communication and teamwork required.","Communication, Excel, Power BI, Tableau, Teamwork"
Data Analyst,Innotech,Mumbai,2025-08-22,https://example.com/job/1001,Sample,"Work with NumPy, Matplotlib; leadership and collaboration across teams.","Leadership, Matplotlib, NumPy, Teamwork"
Data Scientist,CloudNine,Remote,2025-08-26,https://example.com/job/1002,Sample,Looking for Python and SQL with experience in Pandas and Machine Learning.,"Machine Learning, Pandas, Python, SQL"
Data Scientist,Innotech,Hyderabad,2025-07-27,https://example.com/job/1003,Sample,"Work with NumPy, Matplotlib; leadership and collaboration across teams.","Leadership, Matplotlib, NumPy, Teamwork"
Data Scientist,CloudNine,Hyderabad,2025-07-14,https://example.com/job/1004,Sample,"Work with NumPy, Matplotlib; leadership and collaboration across teams.","Leadership, Matplotlib, NumPy, Teamwork"
BI Analyst,Innotech,Remote,2025-07-22,https://example.com/job/1005,Sample,Experience in Deep Learning with PyTorch or TensorFlow; AWS is a plus.,"AWS, Deep Learning, PyTorch, TensorFlow"
Data Scientist,Innotech,Mumbai,2025-08-01,https://example.com/job/1006,Sample,Experience in Deep Learning with PyTorch or TensorFlow; AWS is a plus.,"AWS, Deep Learning, PyTorch, TensorFlow"
ML Engineer,Innotech,Hyderabad,2025-08-07,https://example.com/job/1007,Sample,Looking for Python and SQL with experience in Pandas and Machine Learning.,"Machine Learning, Pandas, Python, SQL"
Data Scientist,VisionAI,Bangalore,2025-08-06,https://example.com/job/1008,Sample,Experience in Deep Learning with PyTorch or TensorFlow; AWS is a plus.,"AWS, Deep Learning, PyTorch, TensorFlow"
NLP Engineer,DataWorks,Bangalore,2025-07-30,https://example.com/job/1009,Sample,"Work with NumPy, Matplotlib; leadership and collaboration across teams.","Leadership, Matplotlib, NumPy, Teamwork"
Data Scientist,VisionAI,Bangalore,2025-07-24,https://example.com/job/1010,Sample,Experience in Deep Learning with PyTorch or TensorFlow; AWS is a plus.,"AWS, Deep Learning, PyTorch, TensorFlow"
NLP Engineer,DataWorks,Gurugram,2025-08-16,https://example.com/job/1011,Sample,Looking for Python and SQL with experience in Pandas and Machine Learning.,"Machine Learning, Pandas, Python, SQL"
Data Scientist,Innotech,Pune,2025-08-23,https://example.com/job/1012,Sample,"Strong Excel skills, Power BI or Tableau preferred; communication and teamwork required.","Communication, Excel, Power BI, Tableau, Teamwork"
Data Scientist,VisionAI,Pune,2025-07-30,https://example.com/job/1013,Sample,Experience in Deep Learning with PyTorch or TensorFlow; AWS is a plus.,"AWS, Deep Learning, PyTorch, TensorFlow"
Data Analyst,DataWorks,Pune,2025-08-15,https://example.com/job/1014,Sample,Experience in Deep Learning with PyTorch or TensorFlow; AWS is a plus.,"AWS, Deep Learning, PyTorch, TensorFlow"
Data Scientist,CloudNine,Mumbai,2025-08-18,https://example.com/job/1015,Sample,"Work with NumPy, Matplotlib; leadership and collaboration across teams.","Leadership, Matplotlib, NumPy, Teamwork"
Data Analyst,Innotech,Remote,2025-08-04,https://example.com/job/1016,Sample,Experience in Deep Learning with PyTorch or TensorFlow; AWS is a plus.,"AWS, Deep Learning, PyTorch, TensorFlow"
NLP Engineer,Innotech,Mumbai,2025-08-08,https://example.com/job/1017,Sample,Looking for Python and SQL with experience in Pandas and Machine Learning.,"Machine Learning, Pandas, Python, SQL"
Data Analyst,Acme Corp,Pune,2025-08-03,https://example.com/job/1018,Sample,Experience in Deep Learning with PyTorch or TensorFlow; AWS is a plus.,"AWS, Deep Learning, PyTorch, TensorFlow"
Data Scientist,Innotech,Gurugram,2025-07-14,https://example.com/job/1019,Sample,Experience in Deep Learning with PyTorch or TensorFlow; AWS is a plus.,"AWS, Deep Learning, PyTorch, TensorFlow"
Data Analyst,VisionAI,Remote,2025-07-18,https://example.com/job/1020,Sample,Build NLP pipelines using scikit-learn; knowledge of Docker and Kubernetes desired.,"Docker, Kubernetes, NLP, scikit-learn"
Data Analyst,DataWorks,Hyderabad,2025-08-13,https://example.com/job/1021,Sample,"Work with NumPy, Matplotlib; leadership and collaboration across teams.","Leadership, Matplotlib, NumPy, Teamwork"
NLP Engineer,DataWorks,Mumbai,2025-07-22,https://example.com/job/1022,Sample,Build NLP pipelines using scikit-learn; knowledge of Docker and Kubernetes desired.,"Docker, Kubernetes, NLP, scikit-learn"
NLP Engineer,VisionAI,Pune,2025-08-14,https://example.com/job/1023,Sample,"Strong Excel skills, Power BI or Tableau preferred; communication and teamwork required.","Communication, Excel, Power BI, Tableau, Teamwork"
NLP Engineer,VisionAI,Bangalore,2025-08-25,https://example.com/job/1024,Sample,Looking for Python and SQL with experience in Pandas and Machine Learning.,"Machine Learning, Pandas, Python, SQL"
Data Analyst,Innotech,Mumbai,2025-08-01,https://example.com/job/1025,Sample,"Work with NumPy, Matplotlib; leadership and collaboration across teams.","Leadership, Matplotlib, NumPy, Teamwork"
Data Scientist,VisionAI,Remote,2025-07-21,https://example.com/job/1026,Sample,Build NLP pipelines using scikit-learn; knowledge of Docker and Kubernetes desired.,"Docker, Kubernetes, NLP, scikit-learn"
NLP Engineer,DataWorks,Gurugram,2025-08-28,https://example.com/job/1027,Sample,Looking for Python and SQL with experience in Pandas and Machine Learning.,"Machine Learning, Pandas, Python, SQL"
NLP Engineer,DataWorks,Mumbai,2025-08-07,https://example.com/job/1028,Sample,Looking for Python and SQL with experience in Pandas and Machine Learning.,"Machine Learning, Pandas, Python, SQL"
ML Engineer,VisionAI,Hyderabad,2025-07-30,https://example.com/job/1029,Sample,Looking for Python and SQL with experience in Pandas and Machine Learning.,"Machine Learning, Pandas, Python, SQL"
ML Engineer,CloudNine,Hyderabad,2025-07-27,https://example.com/job/1030,Sample,Looking for Python and SQL with experience in Pandas and Machine Learning.,"Machine Learning, Pandas, Python, SQL"
ML Engineer,CloudNine,Gurugram,2025-08-16,https://example.com/job/1031,Sample,"Strong Excel skills, Power BI or Tableau preferred; communication and teamwork required.","Communication, Excel, Power BI, Tableau, Teamwork"
ML Engineer,Innotech,Gurugram,2025-07-26,https://example.com/job/1032,Sample,Looking for Python and SQL with experience in Pandas and Machine Learning.,"Machine Learning, Pandas, Python, SQL"
NLP Engineer,DataWorks,Remote,2025-08-27,https://example.com/job/1033,Sample,Looking for Python and SQL with experience in Pandas and Machine Learning.,"Machine Learning, Pandas, Python, SQL"
ML Engineer,DataWorks,Hyderabad,2025-08-25,https://example.com/job/1034,Sample,"Strong Excel skills, Power BI or Tableau preferred; communication and teamwork required.","Communication, Excel, Power BI, Tableau, Teamwork"
NLP Engineer,Acme Corp,Bangalore,2025-07-28,https://example.com/job/1035,Sample,Looking for Python and SQL with experience in Pandas and Machine Learning.,"Machine Learning, Pandas, Python, SQL"
NLP Engineer,Innotech,Hyderabad,2025-07-17,https://example.com/job/1036,Sample,Build NLP pipelines using scikit-learn; knowledge of Docker and Kubernetes desired.,"Docker, Kubernetes, NLP, scikit-learn"
NLP Engineer,Innotech,Pune,2025-07-26,https://example.com/job/1037,Sample,"Work with NumPy, Matplotlib; leadership and collaboration across teams.","Leadership, Matplotlib, NumPy, Teamwork"
BI Analyst,Innotech,Gurugram,2025-07-15,https://example.com/job/1038,Sample,"Strong Excel skills, Power BI or Tableau preferred; communication and teamwork required.","Communication, Excel, Power BI, Tableau, Teamwork"
ML Engineer,VisionAI,Mumbai,2025-07-18,https://example.com/job/1039,Sample,Experience in Deep Learning with PyTorch or TensorFlow; AWS is a plus.,"AWS, Deep Learning, PyTorch, TensorFlow"
BI Analyst,CloudNine,Remote,2025-08-21,https://example.com/job/1040,Sample,"Strong Excel skills, Power BI or Tableau preferred; communication and teamwork required.","Communication, Excel, Power BI, Tableau, Teamwork"
Data Analyst,Acme Corp,Pune,2025-08-27,https://example.com/job/1041,Sample,"Work with NumPy, Matplotlib; leadership and collaboration across teams.","Leadership, Matplotlib, NumPy, Teamwork"
NLP Engineer,Innotech,Gurugram,2025-08-14,https://example.com/job/1042,Sample,Looking for Python and SQL with experience in Pandas and Machine Learning.,"Machine Learning, Pandas, Python, SQL"
Data Scientist,Acme Corp,Hyderabad,2025-08-24,https://example.com/job/1043,Sample,Looking for Python and SQL with experience in Pandas and Machine Learning.,"Machine Learning, Pandas, Python, SQL"
ML Engineer,Acme Corp,Gurugram,2025-08-13,https://example.com/job/1044,Sample,Experience in Deep Learning with PyTorch or TensorFlow; AWS is a plus.,"AWS, Deep Learning, PyTorch, TensorFlow"
BI Analyst,Innotech,Gurugram,2025-08-20,https://example.com/job/1045,Sample,"Work with NumPy, Matplotlib; leadership and collaboration across teams.","Leadership, Matplotlib, NumPy, Teamwork"
NLP Engineer,VisionAI,Hyderabad,2025-07-29,https://example.com/job/1046,Sample,Build NLP pipelines using scikit-learn; knowledge of Docker and Kubernetes desired.,"Docker, Kubernetes, NLP, scikit-learn"
Data Analyst,Acme Corp,Bangalore,2025-07-17,https://example.com/job/1047,Sample,Build NLP pipelines using scikit-learn; knowledge of Docker and Kubernetes desired.,"Docker, Kubernetes, NLP, scikit-learn"
ML Engineer,VisionAI,Remote,2025-07-30,https://example.com/job/1048,Sample,Looking for Python and SQL with experience in Pandas and Machine Learning.,"Machine Learning, Pandas, Python, SQL"
Data Scientist,Acme Corp,Remote,2025-08-07,https://example.com/job/1049,Sample,Looking for Python and SQL with experience in Pandas and Machine Learning.,"Machine Learning, Pandas, Python, SQL"
Data Analyst,Innotech,Hyderabad,2025-07-25,https://example.com/job/1050,Sample,Build NLP pipelines using scikit-learn; knowledge of Docker and Kubernetes desired.,"Docker, Kubernetes, NLP, scikit-learn"
Data Analyst,VisionAI,Hyderabad,2025-08-11,https://example.com/job/1051,Sample,Build NLP pipelines using scikit-learn; knowledge of Docker and Kubernetes desired.,"Docker, Kubernetes, NLP, scikit-learn"
Data Analyst,Acme Corp,Remote,2025-07-24,https://example.com/job/1052,Sample,Looking for Python and SQL with experience in Pandas and Machine Learning.,"Machine Learning, Pandas, Python, SQL"
Data Scientist,CloudNine,Bangalore,2025-08-23,https://example.com/job/1053,Sample,"Strong Excel skills, Power BI or Tableau preferred; communication and teamwork required.","Communication, Excel, Power BI, Tableau, Teamwork"
Data Analyst,VisionAI,Remote,2025-07-29,https://example.com/job/1054,Sample,"Strong Excel skills, Power BI or Tableau preferred; communication and teamwork required.","Communication, Excel, Power BI, Tableau, Teamwork"
BI Analyst,Acme Corp,Hyderabad,2025-08-04,https://example.com/job/1055,Sample,Looking for Python and SQL with experience in Pandas and Machine Learning.,"Machine Learning, Pandas, Python, SQL"
BI Analyst,DataWorks,Remote,2025-08-10,https://example.com/job/1056,Sample,Build NLP pipelines using scikit-learn; knowledge of Docker and Kubernetes desired.,"Docker, Kubernetes, NLP, scikit-learn"
NLP Engineer,VisionAI,Hyderabad,2025-08-16,https://example.com/job/1057,Sample,Experience in Deep Learning with PyTorch or TensorFlow; AWS is a plus.,"AWS, Deep Learning, PyTorch, TensorFlow"
Data Analyst,Acme Corp,Gurugram,2025-07-25,https://example.com/job/1058,Sample,Looking for Python and SQL with experience in Pandas and Machine Learning.,"Machine Learning, Pandas, Python, SQL"
ML Engineer,Acme Corp,Bangalore,2025-07-22,https://example.com/job/1059,Sample,Build NLP pipelines using scikit-learn; knowledge of Docker and Kubernetes desired.,"Docker, Kubernetes, NLP, scikit-learn"
NLP Engineer,CloudNine,Hyderabad,2025-08-25,https://example.com/job/1060,Sample,"Work with NumPy, Matplotlib; leadership and collaboration across teams.","Leadership, Matplotlib, NumPy, Teamwork"
Data Scientist,Innotech,Bangalore,2025-07-21,https://example.com/job/1061,Sample,Looking for Python and SQL with experience in Pandas and Machine Learning.,"Machine Learning, Pandas, Python, SQL"
Data Analyst,VisionAI,Bangalore,2025-07-23,https://example.com/job/1062,Sample,"Strong Excel skills, Power BI or Tableau preferred; communication and teamwork required.","Communication, Excel, Power BI, Tableau, Teamwork"
NLP Engineer,CloudNine,Bangalore,2025-07-20,https://example.com/job/1063,Sample,Looking for Python and SQL with experience in Pandas and Machine Learning.,"Machine Learning, Pandas, Python, SQL"
BI Analyst,CloudNine,Gurugram,2025-07-26,https://example.com/job/1064,Sample,Experience in Deep Learning with PyTorch or TensorFlow; AWS is a plus.,"AWS, Deep Learning, PyTorch, TensorFlow"
ML Engineer,Innotech,Mumbai,2025-07-14,https://example.com/job/1065,Sample,Experience in Deep Learning with PyTorch or TensorFlow; AWS is a plus.,"AWS, Deep Learning, PyTorch, TensorFlow"
Data Analyst,DataWorks,Remote,2025-08-20,https://example.com/job/1066,Sample,Experience in Deep Learning with PyTorch or TensorFlow; AWS is a plus.,"AWS, Deep Learning, PyTorch, TensorFlow"
BI Analyst,DataWorks,Bangalore,2025-08-28,https://example.com/job/1067,Sample,Build NLP pipelines using scikit-learn; knowledge of Docker and Kubernetes desired.,"Docker, Kubernetes, NLP, scikit-learn"
NLP Engineer,CloudNine,Bangalore,2025-08-24,https://example.com/job/1068,Sample,"Work with NumPy, Matplotlib; leadership and collaboration across teams.","Leadership, Matplotlib, NumPy, Teamwork"
Data Analyst,CloudNine,Pune,2025-08-20,https://example.com/job/1069,Sample,Experience in Deep Learning with PyTorch or TensorFlow; AWS is a plus.,"AWS, Deep Learning, PyTorch, TensorFlow"
Data Scientist,Innotech,Pune,2025-08-10,https://example.com/job/1070,Sample,"Strong Excel skills, Power BI or Tableau preferred; communication and teamwork required.","Communication, Excel, Power BI, Tableau, Teamwork"
BI Analyst,CloudNine,Mumbai,2025-08-09,https://example.com/job/1071,Sample,"Work with NumPy, Matplotlib; leadership and collaboration across teams.","Leadership, Matplotlib, NumPy, Teamwork"
NLP Engineer,Acme Corp,Mumbai,2025-07-24,https://example.com/job/1072,Sample,Experience in Deep Learning with PyTorch or TensorFlow; AWS is a plus.,"AWS, Deep Learning, PyTorch, TensorFlow"
Data Scientist,Innotech,Pune,2025-08-21,https://example.com/job/1073,Sample,Looking for Python and SQL with experience in Pandas and Machine Learning.,"Machine Learning, Pandas, Python, SQL"
NLP Engineer,Innotech,Pune,2025-08-10,https://example.com/job/1074,Sample,"Work with NumPy, Matplotlib; leadership and collaboration across teams.","Leadership, Matplotlib, NumPy, Teamwork"
Data Analyst,DataWorks,Hyderabad,2025-07-16,https://example.com/job/1075,Sample,Experience in Deep Learning with PyTorch or TensorFlow; AWS is a plus.,"AWS, Deep Learning, PyTorch, TensorFlow"
NLP Engineer,VisionAI,Pune,2025-08-25,https://example.com/job/1076,Sample,Looking for Python and SQL with experience in Pandas and Machine Learning.,"Machine Learning, Pandas, Python, SQL"
BI Analyst,DataWorks,Bangalore,2025-08-28,https://example.com/job/1077,Sample,Experience in Deep Learning with PyTorch or TensorFlow; AWS is a plus.,"AWS, Deep Learning, PyTorch, TensorFlow"
Data Analyst,DataWorks,Hyderabad,2025-07-31,https://example.com/job/1078,Sample,"Work with NumPy, Matplotlib; leadership and collaboration across teams.","Leadership, Matplotlib, NumPy, Teamwork"
BI Analyst,CloudNine,Bangalore,2025-08-21,https://example.com/job/1079,Sample,Looking for Python and SQL with experience in Pandas and Machine Learning.,"Machine Learning, Pandas, Python, SQL"
Data Analyst,CloudNine,Bangalore,2025-08-05,https://example.com/job/1080,Sample,"Work with NumPy, Matplotlib; leadership and collaboration across teams.","Leadership, Matplotlib, NumPy, Teamwork"
NLP Engineer,Innotech,Remote,2025-08-20,https://example.com/job/1081,Sample,Looking for Python and SQL with experience in Pandas and Machine Learning.,"Machine Learning, Pandas, Python, SQL"
ML Engineer,DataWorks,Bangalore,2025-08-06,https://example.com/job/1082,Sample,"Strong Excel skills, Power BI or Tableau preferred; communication and teamwork required.","Communication, Excel, Power BI, Tableau, Teamwork"
Data Analyst,Acme Corp,Pune,2025-07-24,https://example.com/job/1083,Sample,Build NLP pipelines using scikit-learn; knowledge of Docker and Kubernetes desired.,"Docker, Kubernetes, NLP, scikit-learn"
NLP Engineer,Innotech,Hyderabad,2025-08-18,https://example.com/job/1084,Sample,"Strong Excel skills, Power BI or Tableau preferred; communication and teamwork required.","Communication, Excel, Power BI, Tableau, Teamwork"
BI Analyst,Acme Corp,Hyderabad,2025-08-07,https://example.com/job/1085,Sample,Build NLP pipelines using scikit-learn; knowledge of Docker and Kubernetes desired.,"Docker, Kubernetes, NLP, scikit-learn"
Data Analyst,DataWorks,Hyderabad,2025-07-15,https://example.com/job/1086,Sample,Looking for Python and SQL with experience in Pandas and Machine Learning.,"Machine Learning, Pandas, Python, SQL"
BI Analyst,Acme Corp,Remote,2025-08-14,https://example.com/job/1087,Sample,"Strong Excel skills, Power BI or Tableau preferred; communication and teamwork required.","Communication, Excel, Power BI, Tableau, Teamwork"
BI Analyst,DataWorks,Pune,2025-08-14,https://example.com/job/1088,Sample,"Strong Excel skills, Power BI or Tableau preferred; communication and teamwork required.","Communication, Excel, Power BI, Tableau, Teamwork"
Data Scientist,Innotech,Remote,2025-08-07,https://example.com/job/1089,Sample,Experience in Deep Learning with PyTorch or TensorFlow; AWS is a plus.,"AWS, Deep Learning, PyTorch, TensorFlow"
Data Scientist,DataWorks,Pune,2025-07-18,https://example.com/job/1090,Sample,"Work with NumPy, Matplotlib; leadership and collaboration across teams.","Leadership, Matplotlib, NumPy, Teamwork"
BI Analyst,CloudNine,Pune,2025-08-27,https://example.com/job/1091,Sample,Looking for Python and SQL with experience in Pandas and Machine Learning.,"Machine Learning, Pandas, Python, SQL"
ML Engineer,Innotech,Gurugram,2025-08-12,https://example.com/job/1092,Sample,Looking for Python and SQL with experience in Pandas and Machine Learning.,"Machine Learning, Pandas, Python, SQL"
Data Scientist,CloudNine,Remote,2025-08-06,https://example.com/job/1093,Sample,Experience in Deep Learning with PyTorch or TensorFlow; AWS is a plus.,"AWS, Deep Learning, PyTorch, TensorFlow"
BI Analyst,CloudNine,Gurugram,2025-08-21,https://example.com/job/1094,Sample,Build NLP pipelines using scikit-learn; knowledge of Docker and Kubernetes desired.,"Docker, Kubernetes, NLP, scikit-learn"
NLP Engineer,Innotech,Pune,2025-08-26,https://example.com/job/1095,Sample,Build NLP pipelines using scikit-learn; knowledge of Docker and Kubernetes desired.,"Docker, Kubernetes, NLP, scikit-learn"
Data Scientist,CloudNine,Gurugram,2025-07-16,https://example.com/job/1096,Sample,"Strong Excel skills, Power BI or Tableau preferred; communication and teamwork required.","Communication, Excel, Power BI, Tableau, Teamwork"
ML Engineer,VisionAI,Bangalore,2025-07-17,https://example.com/job/1097,Sample,Experience in Deep Learning with PyTorch or TensorFlow; AWS is a plus.,"AWS, Deep Learning, PyTorch, TensorFlow"
NLP Engineer,DataWorks,Mumbai,2025-08-21,https://example.com/job/1098,Sample,Experience in Deep Learning with PyTorch or TensorFlow; AWS is a plus.,"AWS, Deep Learning, PyTorch, TensorFlow"
NLP Engineer,DataWorks,Mumbai,2025-08-02,https://example.com/job/1099,Sample,Experience in Deep Learning with PyTorch or TensorFlow; AWS is a plus.,"AWS, Deep Learning, PyTorch, TensorFlow"
BI Analyst,DataWorks,Gurugram,2025-08-20,https://example.com/job/1100,Sample,"Strong Excel skills, Power BI or Tableau preferred; communication and teamwork required.","Communication, Excel, Power BI, Tableau, Teamwork"
BI Analyst,VisionAI,Mumbai,2025-08-17,https://example.com/job/1101,Sample,"Work with NumPy, Matplotlib; leadership and collaboration across teams.","Leadership, Matplotlib, NumPy, Teamwork"
NLP Engineer,DataWorks,Remote,2025-07-24,https://example.com/job/1102,Sample,Looking for Python and SQL with experience in Pandas and Machine Learning.,"Machine Learning, Pandas, Python, SQL"
ML Engineer,DataWorks,Hyderabad,2025-08-01,https://example.com/job/1103,Sample,"Work with NumPy, Matplotlib; leadership and collaboration across teams.","Leadership, Matplotlib, NumPy, Teamwork"
NLP Engineer,DataWorks,Remote,2025-07-31,https://example.com/job/1104,Sample,Build NLP pipelines using scikit-learn; knowledge of Docker and Kubernetes desired.,"Docker, Kubernetes, NLP, scikit-learn"
Data Analyst,CloudNine,Remote,2025-08-18,https://example.com/job/1105,Sample,Looking for Python and SQL with experience in Pandas and Machine Learning.,"Machine Learning, Pandas, Python, SQL"
ML Engineer,CloudNine,Mumbai,2025-07-19,https://example.com/job/1106,Sample,"Work with NumPy, Matplotlib; leadership and collaboration across teams.","Leadership, Matplotlib, NumPy, Teamwork"
ML Engineer,Acme Corp,Hyderabad,2025-07-16,https://example.com/job/1107,Sample,Experience in Deep Learning with PyTorch or TensorFlow; AWS is a plus.,"AWS, Deep Learning, PyTorch, TensorFlow"
Data Analyst,Innotech,Hyderabad,2025-08-27,https://example.com/job/1108,Sample,Looking for Python and SQL with experience in Pandas and Machine Learning.,"Machine Learning, Pandas, Python, SQL"
Data Analyst,VisionAI,Gurugram,2025-08-24,https://example.com/job/1109,Sample,Build NLP pipelines using scikit-learn; knowledge of Docker and Kubernetes desired.,"Docker, Kubernetes, NLP, scikit-learn"
BI Analyst,CloudNine,Hyderabad,2025-07-14,https://example.com/job/1110,Sample,Build NLP pipelines using scikit-learn; knowledge of Docker and Kubernetes desired.,"Docker, Kubernetes, NLP, scikit-learn"
BI Analyst,VisionAI,Hyderabad,2025-08-19,https://example.com/job/1111,Sample,Looking for Python and SQL with experience in Pandas and Machine Learning.,"Machine Learning, Pandas, Python, SQL"
Data Scientist,VisionAI,Hyderabad,2025-08-17,https://example.com/job/1112,Sample,"Work with NumPy, Matplotlib; leadership and collaboration across teams.","Leadership, Matplotlib, NumPy, Teamwork"
BI Analyst,Acme Corp,Gurugram,2025-08-13,https://example.com/job/1113,Sample,Looking for Python and SQL with experience in Pandas and Machine Learning.,"Machine Learning, Pandas, Python, SQL"
BI Analyst,Innotech,Remote,2025-07-17,https://example.com/job/1114,Sample,"Work with NumPy, Matplotlib; leadership and collaboration across teams.","Leadership, Matplotlib, NumPy, Teamwork"
NLP Engineer,CloudNine,Pune,2025-07-31,https://example.com/job/1115,Sample,"Work with NumPy, Matplotlib; leadership and collaboration across teams.","Leadership, Matplotlib, NumPy, Teamwork"
NLP Engineer,VisionAI,Gurugram,2025-07-31,https://example.com/job/1116,Sample,"Strong Excel skills, Power BI or Tableau preferred; communication and teamwork required.","Communication, Excel, Power BI, Tableau, Teamwork"
BI Analyst,VisionAI,Pune,2025-08-13,https://example.com/job/1117,Sample,Experience in Deep Learning with PyTorch or TensorFlow; AWS is a plus.,"AWS, Deep Learning, PyTorch, TensorFlow"
NLP Engineer,VisionAI,Mumbai,2025-08-13,https://example.com/job/1118,Sample,Experience in Deep Learning with PyTorch or TensorFlow; AWS is a plus.,"AWS, Deep Learning, PyTorch, TensorFlow"
BI Analyst,Acme Corp,Mumbai,2025-08-10,https://example.com/job/1119,Sample,"Strong Excel skills, Power BI or Tableau preferred; communication and teamwork required.","Communication, Excel, Power BI, Tableau, Teamwork"
ML Engineer,DataWorks,Pune,2025-07-25,https://example.com/job/1120,Sample,Looking for Python and SQL with experience in Pandas and Machine Learning.,"Machine Learning, Pandas, Python, SQL"
Data Analyst,Innotech,Hyderabad,2025-08-04,https://example.com/job/1121,Sample,"Strong Excel skills, Power BI or Tableau preferred; communication and teamwork required.","Communication, Excel, Power BI, Tableau, Teamwork"
Data Analyst,Acme Corp,Remote,2025-08-02,https://example.com/job/1122,Sample,Experience in Deep Learning with PyTorch or TensorFlow; AWS is a plus.,"AWS, Deep Learning, PyTorch, TensorFlow"
NLP Engineer,VisionAI,Remote,2025-08-25,https://example.com/job/1123,Sample,"Strong Excel skills, Power BI or Tableau preferred; communication and teamwork required.","Communication, Excel, Power BI, Tableau, Teamwork"
BI Analyst,VisionAI,Gurugram,2025-07-15,https://example.com/job/1124,Sample,Looking for Python and SQL with experience in Pandas and Machine Learning.,"Machine Learning, Pandas, Python, SQL"
NLP Engineer,VisionAI,Remote,2025-08-28,https://example.com/job/1125,Sample,Experience in Deep Learning with PyTorch or TensorFlow; AWS is a plus.,"AWS, Deep Learning, PyTorch, TensorFlow"
ML Engineer,VisionAI,Remote,2025-07-25,https://example.com/job/1126,Sample,"Work with NumPy, Matplotlib; leadership and collaboration across teams.","Leadership, Matplotlib, NumPy, Teamwork"
NLP Engineer,Innotech,Remote,2025-08-14,https://example.com/job/1127,Sample,Experience in Deep Learning with PyTorch or TensorFlow; AWS is a plus.,"AWS, Deep Learning, PyTorch, TensorFlow"
BI Analyst,VisionAI,Bangalore,2025-08-04,https://example.com/job/1128,Sample,Experience in Deep Learning with PyTorch or TensorFlow; AWS is a plus.,"AWS, Deep Learning, PyTorch, TensorFlow"
BI Analyst,Innotech,Remote,2025-08-20,https://example.com/job/1129,Sample,"Work with NumPy, Matplotlib; leadership and collaboration across teams.","Leadership, Matplotlib, NumPy, Teamwork"
NLP Engineer,Acme Corp,Remote,2025-07-22,https://example.com/job/1130,Sample,"Work with NumPy, Matplotlib; leadership and collaboration across teams.","Leadership, Matplotlib, NumPy, Teamwork"
Data Scientist,Acme Corp,Mumbai,2025-08-01,https://example.com/job/1131,Sample,"Strong Excel skills, Power BI or Tableau preferred; communication and teamwork required.","Communication, Excel, Power BI, Tableau, Teamwork"
BI Analyst,Innotech,Bangalore,2025-08-12,https://example.com/job/1132,Sample,Build NLP pipelines using scikit-learn; knowledge of Docker and Kubernetes desired.,"Docker, Kubernetes, NLP, scikit-learn"
ML Engineer,Innotech,Remote,2025-08-08,https://example.com/job/1133,Sample,Experience in Deep Learning with PyTorch or TensorFlow; AWS is a plus.,"AWS, Deep Learning, PyTorch, TensorFlow"
BI Analyst,DataWorks,Remote,2025-08-12,https://example.com/job/1134,Sample,Looking for Python and SQL with experience in Pandas and Machine Learning.,"Machine Learning, Pandas, Python, SQL"
BI Analyst,Acme Corp,Mumbai,2025-07-25,https://example.com/job/1135,Sample,Looking for Python and SQL with experience in Pandas and Machine Learning.,"Machine Learning, Pandas, Python, SQL"
ML Engineer,Innotech,Mumbai,2025-08-24,https://example.com/job/1136,Sample,Looking for Python and SQL with experience in Pandas and Machine Learning.,"Machine Learning, Pandas, Python, SQL"
Data Scientist,Innotech,Hyderabad,2025-08-27,https://example.com/job/1137,Sample,"Work with NumPy, Matplotlib; leadership and collaboration across teams.","Leadership, Matplotlib, NumPy, Teamwork"
Data Analyst,Innotech,Hyderabad,2025-07-29,https://example.com/job/1138,Sample,Looking for Python and SQL with experience in Pandas and Machine Learning.,"Machine Learning, Pandas, Python, SQL"
NLP Engineer,Innotech,Remote,2025-07-15,https://example.com/job/1139,Sample,Experience in Deep Learning with PyTorch or TensorFlow; AWS is a plus.,"AWS, Deep Learning, PyTorch, TensorFlow"
ML Engineer,Innotech,Gurugram,2025-07-21,https://example.com/job/1140,Sample,Looking for Python and SQL with experience in Pandas and Machine Learning.,"Machine Learning, Pandas, Python, SQL"
Data Analyst,DataWorks,Bangalore,2025-07-22,https://example.com/job/1141,Sample,Looking for Python and SQL with experience in Pandas and Machine Learning.,"Machine Learning, Pandas, Python, SQL"
ML Engineer,CloudNine,Mumbai,2025-08-04,https://example.com/job/1142,Sample,Build NLP pipelines using scikit-learn; knowledge of Docker and Kubernetes desired.,"Docker, Kubernetes, NLP, scikit-learn"
Data Analyst,Acme Corp,Gurugram,2025-07-15,https://example.com/job/1143,Sample,"Strong Excel skills, Power BI or Tableau preferred; communication and teamwork required.","Communication, Excel, Power BI, Tableau, Teamwork"
Data Scientist,DataWorks,Mumbai,2025-07-21,https://example.com/job/1144,Sample,Looking for Python and SQL with experience in Pandas and Machine Learning.,"Machine Learning, Pandas, Python, SQL"
NLP Engineer,Acme Corp,Pune,2025-07-25,https://example.com/job/1145,Sample,Build NLP pipelines using scikit-learn; knowledge of Docker and Kubernetes desired.,"Docker, Kubernetes, NLP, scikit-learn"
ML Engineer,Acme Corp,Gurugram,2025-07-18,https://example.com/job/1146,Sample,Experience in Deep Learning with PyTorch or TensorFlow; AWS is a plus.,"AWS, Deep Learning, PyTorch, TensorFlow"
Data Scientist,VisionAI,Remote,2025-08-22,https://example.com/job/1147,Sample,Build NLP pipelines using scikit-learn; knowledge of Docker and Kubernetes desired.,"Docker, Kubernetes, NLP, scikit-learn"
ML Engineer,VisionAI,Mumbai,2025-08-19,https://example.com/job/1148,Sample,Build NLP pipelines using scikit-learn; knowledge of Docker and Kubernetes desired.,"Docker, Kubernetes, NLP, scikit-learn"
Data Analyst,CloudNine,Mumbai,2025-08-11,https://example.com/job/1149,Sample,"Work with NumPy, Matplotlib; leadership and collaboration across teams.","Leadership, Matplotlib, NumPy, Teamwork"
